Feature1,Feature2,Feature3,Target
7,506815,78179.05480546996,147107.3226617112
4,293822,70538.58887266096,127684.2317722374
8,77218,44636.9200143939,87982.24955881081
5,588518,86421.63134579912,166046.5870176322
7,771044,55814.069145361325,101011.60373787269
3,337199,53990.62995963729,99451.66881968586
7,450589,3418.8731751392233,-2436.2205503022797
8,687840,98669.29936641813,170717.7925473472
5,479446,12297.168555881819,18198.644830539684
4,463052,23113.168129673417,39629.13711082689
8,335402,5169.778554468972,4016.687274353808
8,40986,64000.332683394685,115065.11477022423
3,680520,22470.1952271503,38727.06557049745
6,348739,18001.1257462286,37948.87199990956
5,626646,8855.649566765716,13894.62399275975
2,473327,10330.985381505854,7404.847445633064
8,328073,58467.11157718882,106057.59320161698
6,598794,68820.81776587295,124123.87885651462
2,35911,39737.959108541254,67242.03248835179
5,874559,47989.76016949916,87308.84722258369
1,426037,68596.80500152482,118313.94456161301
6,731399,1738.077280568945,5161.438373140814
9,979039,32313.133393962144,71844.78179378112
1,900885,97309.77749725984,166583.0146305339
3,609746,58011.26495832383,102152.93948993711
7,13175,25422.53256729133,42405.62051387872
4,906667,52173.05249061665,92210.52856567224
9,317915,34265.414546742715,66963.32658212175
3,500876,53224.54565813102,98777.75298123095
5,914589,12574.238606513702,27349.75650475678
3,646588,13271.552110462357,24373.565322600232
7,612213,14354.321849703081,19554.38922974126
5,769734,93981.98521070498,163994.01357296907
9,67358,73289.91854424235,135713.8309169692
7,411543,16238.273228042623,30309.822802543207
2,48057,18834.989541651765,40234.046705367364
4,269294,73082.97440414014,133162.31144368625
9,791857,15616.468862832913,22617.49748643862
2,255726,23456.205877353532,39745.52450832058
9,279176,96334.68694735662,176393.09525365656
5,527486,25530.726942190708,49785.7139771364
2,979004,66163.26887387964,123864.92913375678
4,709754,97863.1308769243,171277.8920124378
7,938583,37429.739284302545,61858.671381359956
8,168292,1751.6973346071372,2312.188603555744
3,960378,24414.80462750838,51636.20491218235
1,145931,83087.7360464514,146164.54877957245
4,444676,86460.89713462007,158138.812295321
2,163491,76851.95960044267,140696.57847549164
8,382009,11311.070596675394,24378.795322368773
4,402921,79551.05761860314,151727.5654832267
2,961384,91867.78783157073,173658.24222065785
6,261910,60060.99419366935,105285.71537940731
6,24236,94087.54154627085,158898.21557674414
4,88955,82683.90568729937,145494.86106031516
6,741874,66697.18500193903,120822.23147372644
2,628433,57718.56595265114,102405.40882634376
2,671718,34857.43186683032,72924.73107493525
4,231785,15928.82859553599,28893.685493547033
8,95914,60495.43177366181,112232.29359387224
7,890302,31811.223550656585,58812.42493941857
9,208990,86643.88010889779,154357.31327856192
8,379387,99333.69440216912,169390.2850340911
5,539884,75242.801018781,135328.89564109838
2,952076,9048.260480535546,33042.143330734616
5,997261,28868.630684504253,46254.87373291849
8,657639,10911.052265611796,10918.34835623011
9,195269,65051.199728006795,126898.74052325678
9,898928,76519.10993649201,141921.2767350323
1,393417,92567.4905205881,167758.29083967576
9,981020,43817.29082396412,86202.00279497069
7,139155,90137.57482127947,158180.70246352258
9,121674,87789.12811501685,157575.29380245708
8,907739,31719.639956968178,62348.992007046836
1,782817,86890.07566399455,167348.31653429216
8,765757,37567.287620947456,62185.27464442238
8,936275,29686.99776910062,60332.40577718309
3,948479,64907.50097197342,119225.93655375707
1,964152,32838.18995038531,60409.123247840645
8,257713,63020.91181203958,113551.85165039756
3,442501,60983.2195666889,103076.81261656701
3,544351,56343.93639095314,106515.70599478082
1,68642,38042.03238130934,64601.634184725175
5,91093,54850.01731517551,93392.12415480417
7,508606,59648.587849994656,112070.05592449207
9,218215,54568.73428085849,102305.49933127867
7,956103,44442.000833174876,80889.65341777008
9,708280,1466.804237920676,8419.105732315422
8,684889,58706.212063944324,113167.30912249535
2,36954,16844.521669833448,36885.73639482791
1,28856,64257.632637122064,113039.7718798098
7,527861,75934.4568578538,142037.4775005354
7,996848,50044.58086854323,91657.87445092105
8,560655,54236.41226160733,106559.40842265506
5,496553,95147.86081874315,170910.78429240183
3,763092,84716.75142052128,151098.34037009664
8,887040,91423.6601714954,161961.12392447732
6,323918,81376.64745532982,147604.36389077146
3,24752,10891.92329283896,21960.465265070645
1,842461,14899.270697833874,29672.72917073733
3,149757,52662.427064516225,96622.10991768849
5,917714,24607.041272833943,48121.71635450014
3,314837,47669.599834568406,84858.98902265115
1,117739,39436.59294530263,66685.16022358538
5,843393,54941.46890162148,94532.20053835044
7,239009,74687.59692601066,139453.43444333656
7,781316,71549.11916083674,131551.68404214756
9,208980,52123.46112512018,84674.53117046472
3,257609,82239.35964236392,153652.41899025478
7,389822,43086.26606759417,87173.36565368278
1,337676,89671.43931258326,158000.8445088572
4,345138,7128.1198774893855,14695.985010861099
4,319277,95466.00753732774,169643.16159902813
5,519271,65469.34267382667,121260.98694024385
7,324412,38007.51288626963,62766.68474990922
7,486417,19715.492941875073,35394.86750988123
4,432459,47918.37502603704,91387.87518686059
7,189456,19455.912862697776,41314.9298493502
3,556941,16633.24414115344,32359.789048674633
6,158729,61735.21400612168,109525.52319497032
2,958456,52308.520149706004,86677.55884775276
9,940684,67009.6364514907,117326.93905648687
5,229504,92960.59478161117,165112.45558312623
6,647117,53226.068107882675,92659.81217768074
4,653665,58093.24723307444,105204.44236110208
7,996915,8962.724952860295,14942.923734292106
9,526910,71763.60682728437,130325.55415078907
7,574044,39990.58068989494,78304.2037470492
1,41809,97672.52619373403,173802.14054257446
1,542013,82317.41924216447,141531.0262496249
9,717756,52248.151803507775,90924.01325568961
9,52226,12322.353094951188,25151.2909207785
4,500512,85941.59338647958,158346.84302042663
9,606470,79978.12956429263,146321.2942008079
3,476781,18458.594495190344,39976.5471207827
7,30402,29527.899394202082,52254.60456017883
6,5263,79340.74647405792,153094.80589335086
8,752883,18522.92613189631,37832.64421794289
9,178900,91775.25714188881,152694.4755043605
5,573212,42452.800066893666,85719.93927022643
1,337326,8703.987554869605,12003.907548086681
3,225137,81574.88277556375,141785.85154873008
8,453268,37351.03095287045,70101.34526433129
6,930168,52649.96676545868,86562.12181614291
8,298881,11230.523210687476,16911.03612262939
9,364476,258.501226096754,8460.032910095193
4,352707,63798.55678080918,117806.84360044404
1,685733,51517.56551585612,97138.68333323712
1,511585,59353.8975584578,103811.25510273667
4,692757,79374.40566366659,135540.45869975936
7,391719,64660.626681694666,120140.07467361908
2,480361,17477.426805393432,36356.82953091793
3,102371,36077.31583380807,69424.32093126007
1,563997,90589.11988966556,164390.7604519873
5,193192,76994.49303069786,133866.34223789582
1,151322,55663.75012996593,112462.25917423732
8,22172,25564.574216427445,48450.25680449029
1,536843,30206.119977429316,53773.00425142693
1,997121,73195.8335627567,131406.8147255452
2,578564,85117.440967851,154254.66313249958
2,582780,67142.49981059448,126501.93096985998
6,709362,80953.0166238466,147036.25153945116
7,514319,76665.63685442708,142568.87160520625
5,781298,14970.481825298977,28109.504725004197
1,877031,42394.538896848906,76189.91605697612
1,990859,15298.464784476184,31241.918078699076
3,223320,23523.63495664,45479.63309032099
2,418978,86925.97553914279,155834.07437498125
5,12046,47289.24927412165,81395.63690484768
6,229071,53535.8566484559,98205.72204092279
7,379165,17844.678678180688,32722.74746553821
4,947273,31227.247377700995,53920.32321600801
7,709662,23024.693818170148,37608.277460022284
8,417366,20618.695833226186,39398.71471927941
1,986751,63796.115535517674,118079.85874907028
6,267997,25688.459076186715,44591.06426386179
8,646188,63201.58540049324,111210.26254132322
5,483615,5845.555565393979,6627.53157252321
4,416008,14177.525175270834,27650.824011212095
2,584417,27454.097945987134,45695.69943457316
6,762379,59704.73198487747,119073.37991788311
6,206550,67584.1569246131,119721.35028444859
1,245883,44271.752406256026,67689.02444189785
9,639418,44579.146878631436,80438.31504839091
6,461514,72451.71268817667,130296.672439624
3,950491,1582.2075944490673,8890.812007629263
4,672210,34109.0683384196,63185.05919279381
4,930616,81870.72384121756,143675.4349969926
3,122789,60321.9806993962,107218.00039142928
3,680418,33722.77955282876,62687.31105334671
3,701780,90552.48868048815,152530.79837332663
4,564178,77262.2954826655,146059.32954075016
7,67017,26489.618234128615,43579.97189240819
4,179376,64529.01922358793,123339.14170719637
9,689281,59575.113243822845,109569.17004451406
1,500137,40118.85128510686,75614.97149516222
8,657884,36695.671224872145,72152.26738477622
7,625712,34356.11312152291,65040.519882203735
2,802480,61715.61662398634,114859.78100476267
8,953615,44241.0494070733,79312.61423042502
1,694264,83186.32813883088,151946.3660572561
9,842344,66960.29465313458,118039.21330078354
9,559296,6993.253577782842,11177.448942069277
2,394276,64016.858365994216,125256.95829863414
7,731026,27114.816535274826,45152.21483824258
3,608847,59281.2398841431,107791.24092463899
7,56337,68013.22509715203,123040.31885845102
9,898048,23082.995832482287,40471.64413956412
4,276494,45685.918802172375,84956.90552676246
1,25354,19032.567249420496,37222.90851266381
2,46186,5233.9823447632525,4821.165304835959
1,553433,37847.70450094456,68912.36815943295
5,428236,36294.49089017201,60147.36490844784
5,611411,99548.04952237663,183449.93773186445
7,500883,44635.29048452909,81497.40092396548
9,731546,33357.02159026509,60847.0612960626
9,741829,58047.54262416679,108178.64796786224
3,545869,8876.830534037435,14882.678008925379
3,614217,96166.57742890772,177986.0576681249
3,286195,63496.041063098746,109702.74704979706
4,576762,75483.80651030278,143230.61531301762
8,617036,17047.876769597933,28264.140272502013
6,126995,40947.84435273508,65306.721996445216
8,246690,42268.96907070761,74588.81478496004
1,332770,82180.6622094643,145884.73599076472
8,794392,123.7678522729683,-1036.3917966588394
4,429988,30085.38075001467,55538.919427446315
1,940024,98123.63931079295,182584.77456386865
8,181553,47488.706861967505,84635.91928205582
4,561696,38252.6897717728,65689.60174009654
6,881438,11982.988218864433,16395.363732536996
8,260568,97416.4654463387,173163.00784686444
4,320278,2002.733589946854,-5662.064734347427
3,152563,73718.04878270181,129152.10384128147
9,657701,76860.00361887037,144924.12649327758
3,700983,24365.747240715053,40101.040510394974
9,615615,67155.87720545937,124358.9657738284
2,394554,9293.005145024556,10798.275812001752
2,203503,25704.80093848134,55231.87268581918
2,144326,78790.22003902767,151088.59273557336
6,708220,86468.63273473483,158970.75670532204
3,12344,60848.68041733786,119499.05975942577
9,395966,50683.892498205074,93234.95437140744
4,973260,15930.486131495967,33016.09060744052
1,593245,6310.996997011709,17969.08647827875
4,106423,11764.991082453014,22140.787713907674
1,321197,22735.807273879866,33326.16428505845
5,465071,34167.51602224189,65693.8811162074
4,672256,38091.014460146165,66552.65605609577
8,187833,34632.242226723494,60468.303403324986
8,718912,23905.609314193338,44903.02734794146
7,776435,50972.473702745134,94991.07456352809
3,78454,82528.62829467886,149350.43110045305
1,258594,27970.42587679407,53657.711259015865
1,512897,94238.7076715214,166354.83663843755
3,353744,87333.67883871861,157172.97493607708
6,910164,16176.504958789825,33836.21817807604
7,517142,78627.61704811378,150673.23756878838
6,946439,57458.78077303842,114549.20283633521
6,38641,56657.579559605634,104185.8471209288
6,554999,39104.33720154113,74883.35559650208
3,857774,50115.34980290105,100553.41246929785
6,370040,39717.93802504336,68341.12826141059
8,668542,53973.307902732406,100658.72448848124
2,613121,62795.0424822583,117185.35171549568
5,319420,67430.4132105242,128788.7609593273
1,282685,53248.166007823354,90305.33441140094
1,881889,72142.23459066644,125602.93784419702
5,476526,14127.890799745652,25790.377495065703
3,45813,21198.32789197476,40077.53501716274
4,693558,81873.5185339266,153345.43212973693
3,665180,32252.86553184373,60984.466836380074
1,287214,2289.480208229527,3510.6052242617297
1,988272,15379.199587688141,30262.002481619355
5,929626,22361.52108818767,42235.77334011007
6,343703,95732.29305716993,181233.0611528448
3,205615,57304.18558894203,104087.63627793832
9,477657,93273.08077455143,166241.95682642978
5,567074,57516.37753332744,106076.06171034854
8,751294,47935.49607834116,87675.96653770674
1,756164,31372.83774664048,48997.22316557951
5,400953,60637.13380624311,109284.05704312677
3,823494,13919.888541950522,24972.855148480914
1,972741,89826.17290310787,159457.12239669758
4,839003,82933.25758088786,154889.28158371302
5,288654,31753.21303452891,53386.712479092064
7,282570,95279.75748037668,173943.9415623007
1,38265,82520.09422148007,147819.01709944548
3,936354,66630.7219528154,120950.95154330162
2,250321,12176.278936336366,24107.394040634797
9,67150,47823.454481404915,79604.92114707384
6,612600,50610.804873919595,92382.0532317292
3,90613,23255.21258140217,53358.42659508994
8,338054,7996.631439390759,6803.146861509745
8,839807,77672.38537480622,139966.15735607367
2,122826,12203.59300893429,27650.07704020082
6,560723,59429.11562710241,108778.86586855233
7,883875,93644.92374344867,172463.63499878778
2,451348,87610.531649285,146052.30091324993
2,211017,27775.334599663736,53098.35765254448
1,135055,85144.87861026278,149522.867967305
8,491457,33.35057879832859,1879.1459647527247
1,677022,1768.8791925447606,3378.3198920331147
9,810942,60255.3561289701,120283.77717795435
6,734547,36479.88543463103,68782.54390116523
7,697358,38646.1454698306,69369.62169938115
7,451062,56444.15262377918,94297.54192653476
3,95071,19178.326380940496,35183.25749494238
2,794072,21175.613891012767,42635.28539555709
9,307691,48460.210241727764,87006.46447601386
8,842052,75425.37900903187,133682.42641657015
7,147389,61949.81319098362,108741.42492453892
9,640896,29735.575088179063,56547.190335998916
4,270708,43033.77471717437,81405.08818745965
4,683705,17066.558788523984,37879.70889594877
1,639112,7463.073970726738,8781.089681256339
8,255444,78269.62580481084,143666.93624074763
3,604561,26538.814380078536,47472.62661205203
7,862291,17776.721008486034,31989.072292108456
2,212837,69161.83639512637,126612.85328139749
2,111017,61805.20562355116,113349.15989051682
7,992542,63318.999282383804,117135.3102372487
6,124618,22889.537595200873,35994.12071038253
3,970897,23264.63059171424,38621.72652925334
9,460297,22080.340898300932,47431.1034945301
6,126341,17375.34219096988,30253.924106341587
6,816862,65572.40168379838,119986.82602092656
1,731892,84801.60372335161,158285.16426224884
4,553076,72431.77453591916,132982.9475264586
6,751865,79209.38416669094,145703.4371549039
6,442759,40479.902428677065,77576.09226783749
5,932423,65407.61412962027,107631.5981288315
1,856778,35423.688620853405,61744.27774173346
8,883554,52550.5096464018,97399.7233460212
5,565262,48163.53649000158,93930.21821729113
5,894741,17688.79682567092,32632.682584486523
7,541659,38707.937325687046,65742.53437745622
4,832516,96382.23116600755,169825.84385076107
6,423845,24858.100913468432,49393.81016150855
4,707544,13380.460247575244,23361.732533676004
3,325060,41858.12030433136,75480.14631884477
7,599260,79033.79455224122,145656.6111628958
8,194259,58214.86476317424,90400.26766024574
4,276128,68097.51462634173,132727.4278849555
2,820471,18969.5658479829,30906.08485111392
3,610719,61894.85740595285,112934.78467808299
1,871123,32350.10714110788,50145.269286512834
8,846038,83430.35316514016,148508.94914522712
3,404832,62929.91767119301,119708.7080399729
7,890097,19885.70789190181,26679.48680709386
5,630661,6461.76152274063,17592.50167687884
5,182144,4263.416665382345,6411.7415165263
7,812006,37140.91962415731,69716.48052458411
9,921934,26585.18708031768,51628.925811997375
5,251195,64609.047737238456,118643.99092448385
1,144748,49933.43356447833,85630.80115790686
1,405032,26602.00119861027,46266.37242482337
2,33733,14923.862871239817,19578.038781977593
6,742040,12720.06354876869,25744.116045724044
9,527338,86466.05274800255,164439.83971648422
8,110996,24347.87249268988,34783.46405345947
5,559221,65171.09962003204,113794.36028536748
1,550239,81068.61173003382,145292.74423464623
7,557701,61408.16971034248,111701.26309718424
5,166873,85956.53720817142,159216.0849818807
6,711979,39239.43291347529,70243.96884246719
7,951417,95622.22344267576,171036.91706458814
3,900005,13314.587103309275,29940.912816305397
3,434816,10215.042750800843,21923.462786758046
5,714135,65869.24875152974,121631.60513125903
6,222888,94283.11985821203,170401.63830272222
9,786332,80888.36527528665,150934.98455011524
5,746453,7641.778302119199,10861.880487663226
1,768950,27936.84345670024,46710.321811130045
4,167472,93031.89545189388,171283.65274775564
5,398710,25305.917974235173,37639.82750738878
5,212760,78117.06426164955,141192.99321915163
7,123744,82513.23707965079,147023.9069820589
4,876863,49545.26080088783,82603.12728833331
1,731051,38634.95234994056,65255.10183131169
5,502946,45012.49822953272,80744.08935168215
7,44001,22696.546740066977,46066.60091461567
6,592652,88939.10267379282,157139.92085653802
5,912420,45062.02061101011,87649.75409934318
4,832460,88245.95579966594,159586.84657718128
2,239506,10569.437421279417,25702.663869152806
4,754019,98827.52827248603,175256.10234657463
3,431789,44327.364417053075,79770.1025101687
1,657166,4783.177256328508,10783.720078076292
8,911775,3802.2810215606673,6426.4410251016425
5,712998,74620.7511274581,139453.97176515078
4,653589,65903.58751681466,107927.43340381506
8,913727,80213.07559970293,156976.427273415
7,500722,10536.8428585272,23526.551180324772
2,686117,3557.183146468131,5884.329018467554
1,559924,50857.978086828894,89065.71418840528
4,736457,38759.5843887538,65815.37734251407
8,180352,46194.747472401905,86492.79882117212
2,811694,99158.84172818651,183872.6704546975
3,867867,97074.99869207125,174365.30050507878
1,194283,94231.54473578032,175251.87408929708
1,973346,78384.28929249971,137045.09349269388
3,916015,35484.20054155301,58919.51422486123
5,451195,41213.15181318413,83490.97678995918
3,770884,54961.64941028807,102280.95400621124
1,999974,83053.46258703835,156983.46066573565
1,432413,6871.376380543525,8317.985443039881
8,304988,42429.74615880022,71932.41012699675
2,327898,8261.858084160524,13248.246954201233
3,952661,51465.807191592496,89003.48923717144
2,864561,89890.09251054114,165767.2730701163
3,303186,78248.51420790133,137252.28828959016
7,62665,22784.31897006924,35205.75735578818
1,247584,97599.08736079429,176515.22631070588
8,117953,66735.07306960304,113756.1771461594
2,477072,1042.868896970367,-6875.6196428302865
3,683736,25541.42292717348,46991.715438218656
9,187626,26071.403920661658,38303.23984213994
7,146271,6925.523703155365,16436.475147156772
4,119533,95982.65582494109,165863.87835363
5,999916,47825.58163206292,75397.63600561452
2,969452,89581.47015572846,160268.38902960723
8,599069,32221.61812291249,59045.4196377249
4,466966,12523.444519925668,25245.058454275906
9,67262,47433.6635570104,86301.30389769799
5,834032,11395.752075768245,15647.806630794128
9,77898,48601.60169620369,91114.13795779966
4,456699,92029.72609222266,170694.54899839952
5,150369,52076.862106607085,87799.72564961507
9,555736,61650.01103953565,110369.8571778661
8,289316,15663.928033537133,26991.528324821742
3,961378,4373.658214434361,9464.18169992202
1,8657,11080.885137184487,18928.30278806153
3,478602,59853.19771527899,107644.66802713732
4,781977,9501.260398060567,20714.334867717476
2,943929,37599.351394842146,62587.53151271019
1,945189,55009.23903662155,103179.09044222292
7,375999,38865.340997704836,75872.27695352497
8,943082,16368.46377815,38129.450768114344
7,685191,27379.2033722799,38929.32494941703
5,8906,92831.76045310442,166202.11353001188
1,324557,67598.25996040799,112016.64355696645
7,579316,49604.834263204786,77424.0412249045
7,794719,1271.587727200353,3427.6826469980274
9,296804,99241.54080740697,176814.41648908073
3,469974,67145.52634397084,122605.18917800122
9,847936,31692.316042246755,59927.77532648074
1,716080,87926.87807291783,164868.9003217917
1,628267,25843.236186019778,47104.560761364504
4,35701,54401.703516617235,112569.69491650647
9,84300,63607.11276590613,116094.00225355709
6,766537,22106.415039035695,49405.21079310031
3,674034,97839.7300403317,164793.34206997583
1,84560,74819.21577870916,141468.5660494296
4,243615,55781.366769784436,99636.46523663418
9,942378,18059.541758070267,23263.62786739012
3,44642,5385.915313981913,11828.694111308041
9,518083,32006.05124611509,56382.15605308557
7,492036,75318.75827260669,138741.04913293276
4,328304,26933.202897072675,53711.29950248621
3,805034,53955.668093928456,90085.96898526324
5,366464,72794.74487835665,136303.36769331776
5,614089,10794.46067027497,19784.47112759853
3,289075,68529.83308178573,130271.4429206807
9,95377,9187.179583915698,15585.870606058917
4,816624,96512.97769972544,171791.6273968487
5,833974,48839.46416708095,88478.29270419046
4,914447,15067.695703376967,28100.379297977808
5,829952,34238.42936499104,58745.2248495252
7,327916,41341.70358788121,72118.50080340976
9,452978,75818.52528915263,130592.45684790579
7,313250,74342.40426528233,131820.72722855723
5,606409,61194.08933968256,113849.11561141652
7,26559,10593.16066277804,18415.197823469753
5,893027,15157.022001830199,32789.479583531
3,559030,9375.7826888636,16237.77650168911
7,857101,57717.32061147667,97183.13761204144
2,998703,87713.85643729624,161376.66752491615
9,678114,43380.10784542595,75082.13541659969
1,136044,16084.901310957224,27857.00791590533
6,858263,55804.276710664184,107082.68981661611
7,113217,81175.2405113493,140388.6891218212
8,567161,74171.23198008686,134639.51700147826
9,893964,88145.08982242417,158932.55193018453
2,913699,27790.281934677056,53989.98555960422
2,404119,19395.467331390755,39395.66752391348
5,659380,87981.66061254528,160030.87412382598
5,829187,65756.06552177103,116988.63820628586
6,873388,31092.961907862413,58788.887954282145
3,87988,74234.83082244586,140353.96896612537
8,570936,81511.85693619834,146894.3607869585
1,126991,61497.8625362892,109426.36749320543
6,403732,68788.44219958053,125979.9132475849
4,507079,37526.05291827618,68006.06985474519
1,902437,53869.61286473717,90730.97453693792
7,527684,52415.96465669915,95830.23238404588
9,85082,84804.79430829808,145984.35871111773
4,937633,83996.41403182023,153546.76498931865
4,129322,83268.06366665738,145973.46197795044
6,657951,1103.260323085153,2517.218102485005
3,12303,74954.57349234038,136886.35331720885
6,162633,75867.66314346147,148930.62688794849
7,334863,67837.9144476319,126010.42731467205
3,250690,75626.49016267947,143086.02134153474
7,785108,84197.05295263372,161326.98840821034
3,100616,47031.95837827315,87163.1126658889
2,911597,50205.07114382336,92259.37556021805
4,87231,12471.493219733356,17170.697751388965
8,270458,38537.64976714787,68943.8489188642
9,20623,64336.553654660434,112227.66943020945
7,724035,78039.99957474983,138849.72248392776
1,491042,21720.988048211282,48699.61636774265
3,459298,13782.376133633623,25620.03358654047
9,477840,66304.23414584878,115234.04357394726
1,106228,188.08816450271166,7267.3399695614025
9,427346,17837.34059347455,37124.26344944143
8,708116,2907.2351272573387,10649.348692065192
1,885056,16688.595096975303,20454.34815904357
6,682652,18132.00986062253,42740.298537727984
5,899217,38767.42070767994,67453.39206335446
6,521547,40232.77223594312,76587.5373886614
5,873638,87426.25963477671,170438.08529568324
6,70274,51011.02023891127,102649.63717099337
5,134541,72340.50422075207,125407.3674699903
5,54947,10413.825378292951,11564.772495915948
4,678894,22543.953002493836,48082.295398728544
3,195692,70294.37380352359,127346.99790431246
3,49874,5280.490766456762,7034.413173111772
4,574996,48659.81756460908,90993.2623509916
9,75553,59936.93662939681,107136.86454561706
2,593632,60214.6041906837,112195.72422847438
9,836570,2293.378833523076,4908.2759394352015
1,710662,32210.868212118123,61949.833423453456
1,572926,63649.101455850294,110385.1821748486
5,79249,14900.058714950728,33997.04025257449
6,893297,69541.59529124049,129127.63687789507
6,528007,74592.54628884657,137780.0736669417
3,679250,98196.92084769548,171514.7328907919
7,471452,20984.278501441455,46526.58938581586
9,430725,82513.08425354476,148697.33365954921
8,43534,52029.70566220771,97339.48150412309
6,496518,37346.322268157724,65875.51676395086
8,617529,12237.763494842062,23665.184114126198
5,413003,73550.58709819311,134098.19503734465
8,127209,23585.83632860879,28442.45523147872
4,443061,37142.26304510438,70001.84460446204
8,190004,6254.316435514153,21203.4788925359
2,617412,80136.71144526033,147259.6878964284
5,616947,76658.87573831194,133520.9085845128
9,165134,73361.60964264824,135410.27218753626
4,76713,29944.421104837613,59247.7171395744
6,743623,17348.090078588295,34178.70622241087
1,489972,63755.36269169652,114637.00331290353
9,978965,49616.68879468353,88615.7762013107
1,76418,17825.328865217467,30895.252180557403
5,985176,68591.15851385926,127460.55783000274
4,129232,99112.64406948719,171443.7553497788
3,953336,74721.984052245,133125.87348976397
6,521551,73998.66466992251,141454.42102091527
2,164038,95031.28026178388,179315.29980409687
3,991049,20293.71646385346,29642.47869592792
5,931491,56555.03993714754,96622.74933054754
9,169383,97964.67353871684,175095.00097205062
2,819007,16529.494567606354,34631.5413072632
8,326996,70025.22591925616,117095.53288439615
2,259722,58581.05601617559,105307.71865452868
5,133079,58647.950570961475,103276.95474483243
7,203053,69767.09298494476,132333.11724432674
8,601530,92961.69932587614,159271.28141673078
1,179589,78258.21572693982,141420.28588595978
6,504238,5613.704728010659,8406.740323676218
1,30257,85272.81671476914,160858.1932179709
2,481488,22554.210438440266,43832.586020958726
1,436423,37691.47878222072,65136.79501170863
5,145353,46173.33518795685,87466.61205496774
9,324390,48090.651984706885,84808.22430592954
6,264579,43518.09640749575,83479.51158969112
1,230947,93735.33568625702,167656.69278083474
1,232758,70601.9301645017,132476.18618994686
2,616645,63117.10147860603,116105.5149371271
9,158732,4984.297794091377,25380.557432821595
3,923588,90391.34263470444,162910.73071538797
1,932011,90939.02826182042,166073.567829384
5,728955,78021.32832170388,138420.74477048733
7,609095,703.0196784415342,1604.4096249686552
6,439755,5728.119379737228,-2960.683287220194
1,903385,22522.447704478745,43323.018450766904
5,139563,13135.027679549856,30442.2023879368
5,784066,39883.66308676997,74180.77657918273
6,507047,92262.31354647316,159774.3805937648
3,706552,47206.096213656405,81324.31342103652
5,998899,1340.3613029539176,-9223.8607904643
7,911229,28274.64068330724,56265.58776428016
5,327032,4459.586377805317,3173.205016501669
5,598897,3628.858632587954,6702.851087597179
5,796509,27572.05773756991,49274.27056598974
3,773800,27561.30630666067,57444.88653028054
1,254973,78712.68154750015,142239.71987532897
5,284097,97483.46779464591,179671.7551308927
9,995423,37120.772268290435,70074.42040366109
1,377826,42888.74499741597,84188.71109515576
3,515257,84478.95914965852,151133.13649687055
4,855321,26813.975195649324,58052.892504691365
1,680181,15638.264802164354,18563.65636189926
1,431783,85308.97703140271,158062.41764653104
8,116374,4650.153993947905,4119.366145785569
2,550148,61969.98204999755,109363.29392609581
8,677555,56199.328547395926,104368.64021981784
7,602763,34592.11015812467,65395.190033863124
2,485090,31519.020590783784,60014.92213186117
6,874698,77185.79543238951,132458.99105777493
6,677787,8642.552433793571,23158.63903722463
3,888164,23678.507252707604,38571.15946373531
2,290227,73244.89993893579,128155.49793895845
1,743406,54832.103540584045,102261.97306388541
6,844804,12798.908054537786,22044.83062436181
5,649074,88213.57321464458,160665.27298917272
9,962568,39344.84531157449,60546.00207767015
1,533101,82786.85474537975,150707.51128927973
7,32598,78771.32278146931,142914.83940420582
5,506934,62442.582204628154,110115.82227950927
5,783239,49448.16368139616,79042.93432768913
2,618394,97955.08608309165,175570.31064215695
3,290226,14496.592741474466,26061.110635660974
7,816673,72515.60023953872,129121.27197951723
6,228286,19119.151027408752,25365.742527173265
2,438785,33826.376706924304,69086.54060904833
6,12745,30869.943467445184,52395.96310167946
2,813461,94703.60407027352,169768.19451187784
2,145097,96735.62104320974,162155.2947716861
2,233732,18301.62612192829,41040.06976296196
3,910827,2203.613826234389,2098.1687285516196
2,670648,72000.83196550734,130435.13562328422
4,614474,41799.051588055045,81161.21708258234
9,925044,8884.11562473193,13099.409100934346
6,885200,68375.4421822937,128352.62086506138
1,214030,54510.59831551714,87922.46468822515
8,725238,98051.68414842841,179634.58375502774
7,567134,22741.026845188306,49099.62615393721
3,339076,40397.847234867186,69992.5787866708
1,149554,54254.62608496195,103330.51205442351
5,286555,79170.01967533633,151833.92617657428
4,445191,54883.910788140194,97751.42572838225
8,454761,61290.05479617883,108885.8377038726
1,506518,22614.78254428891,36471.39885055852
1,341941,84691.88811698317,150070.71833464404
4,315451,42863.11183399287,73246.52734982407
8,921597,14096.048656214174,21362.13058904938
5,995762,66418.82503175028,126060.9425407073
2,285186,21609.12370948543,35095.385550632476
6,578218,9756.34126767895,19161.132855420226
5,773944,86198.70464173639,155750.8075312067
2,438629,46016.28043261751,90545.09209156713
3,769747,74928.39634120637,132749.20575389639
9,225695,29058.826921879525,54351.47619265476
7,885315,78697.03479475314,146073.6686419362
7,296900,11193.68150856033,27766.824752011504
6,54268,35597.40178214789,61531.69048263987
8,433430,97806.18399117106,173202.383840446
4,213943,79398.99223782898,137728.25225829193
8,784204,49725.64330587578,101103.75805481762
4,422818,33977.81317844135,68305.83491209637
8,709691,87213.58278867765,157152.28754805957
9,574189,54484.821423675654,108043.96881825147
3,363130,75842.52594440932,136197.7947281085
3,195488,75410.79262084837,139468.22307469472
2,688556,1794.6660622813258,3631.5364207199896
3,391530,12625.465653883066,24919.630435741874
3,793058,65962.97067653759,120597.68343043538
5,663784,16162.064966606014,27313.682073007578
5,800289,25549.408916226002,51866.57323963357
2,242531,94663.80075616529,174101.86894951703
6,247693,56018.26981926535,106113.20514218502
5,938486,75072.97562698401,137216.73505606796
6,995465,55798.11808019011,96419.49563545652
1,920484,55251.406226911036,108462.70354122837
5,704650,9415.281597378778,16002.050707444672
9,551719,34366.38489459104,63982.68745310595
2,872408,28243.1616255613,54456.801720121686
1,239360,39072.89748852476,72241.00406043265
9,345855,79834.43898801401,148479.0027845766
9,508403,37193.32959841969,72596.08438873793
9,27385,45169.736753486344,80222.05114103918
6,432374,39738.1993103926,79890.28246848492
8,417235,9340.887856732363,15711.69787131193
1,281783,44107.271717862546,81220.72583655652
4,86530,19561.007743524195,33326.68802032239
1,756271,18672.410904974568,30624.107515700267
8,284707,9403.701039816191,22313.97081562347
1,957845,35667.16174707906,80292.29813187254
3,378816,75748.21273075326,134736.39147375428
4,924280,27644.241414170545,56310.382418897374
8,430660,31234.978953641166,54832.735553053135
6,987420,64267.50149977659,116140.78781531786
7,402927,19584.161674610627,44261.873375457486
8,730678,89695.8033465604,156474.10859843218
2,346114,52019.100306103115,87122.64220786998
8,244373,44760.34927172766,80278.82194529404
3,348697,55782.06341090094,103909.34277931006
7,162779,16603.5147381882,32307.048887143173
3,171182,61347.35251660376,112323.22140835176
7,718148,36310.13735332738,65908.98114354716
2,608167,89718.64437782779,165736.34351500965
6,957331,16885.503782347943,16322.210098001438
3,239260,50705.15968143372,87643.89090114199
3,924159,59811.30312563886,107663.3630797327
9,832291,3338.4568402779432,9975.041808012846
7,972129,36369.37610630155,73420.76719168562
5,839530,73263.55020655981,127883.65683097199
7,671611,82037.76870714659,155310.18230054667
9,647701,31316.26816552875,54457.32485194493
1,787958,79859.34737894789,143494.25536720277
7,331904,96775.59093475118,177290.1782765402
6,48837,85687.4079201158,153263.57235967458
9,519349,11764.487051533704,27013.339226092256
1,785838,73973.05923552085,131524.4048983718
4,798968,31966.751277371226,56003.96134286653
9,553829,98841.60009960871,183478.69445034236
4,80083,48535.94978009039,83601.12916282442
3,969531,12243.477592504267,23776.670643090984
9,559819,72518.58228418427,122537.94427306257
2,271856,32301.18753750154,67382.26232780873
4,367245,99707.81600035046,185702.4509818147
6,852887,97978.2478072064,190555.82555087528
2,600032,65613.43618865627,125102.01979681321
8,778147,12982.731912526862,18133.739794545945
8,655037,68686.13108140315,127329.80374732862
1,792541,9303.139342954075,12554.877506208311
3,836700,2936.5129738233213,13603.260888147472
9,757097,82295.86232630399,143032.39924745934
5,842047,20975.373793073366,32445.92190633307
6,607791,37902.774719197114,60497.83272607137
4,255346,97345.74165187831,172920.10886706595
2,948263,33684.11650206013,57664.15207979039
8,610996,29649.048479353394,47389.53973363978
6,716472,91820.80814147757,175602.73617587725
5,627759,11074.933457051278,22913.163204625525
9,779513,75958.26505322217,139202.80629508346
1,158661,98806.55785872074,185879.95674193697
5,686375,90129.61094786381,163872.77616636953
6,161081,65166.82670385072,113655.42755940561
5,870741,31406.148093193697,48480.388355160365
6,389590,25432.27268563355,41965.59887242337
6,718406,81925.52856163563,155370.23241348646
7,894093,87982.20341297814,152559.33206492985
4,682503,52543.53871107803,96697.25736992984
8,7154,24434.069644652533,49178.52807580235
7,678164,11294.409546796514,22116.743386449984
9,960192,8718.038065236333,18194.481161378317
7,65288,71907.77282764083,132765.65465412062
3,52195,42011.93077289971,77552.97725033273
3,283725,90535.9968917996,171161.02776760567
8,446864,73967.1561055463,128186.85434884527
5,293231,19126.122665416875,35790.7606819443
4,706290,61377.78050382801,101753.94773690468
8,165053,43550.60188927049,68128.8789647542
6,594586,57725.01535188823,103811.9654791389
2,833599,73806.93852693938,135992.18669321467
4,731664,80619.60748079098,153646.46435161156
4,437624,84373.74826693979,164202.51754554393
6,40499,25397.562059715012,52353.16456081442
6,388960,3111.656880175776,9449.29110630654
1,446485,73929.4995870038,134099.1660354759
8,694919,10634.461991204833,11857.350768251814
6,246198,31492.0273693379,56096.56523609923
3,468535,381.8130307213019,7382.414711589473
9,768285,68166.98007321377,127603.11591192498
2,621635,16713.284433920977,23969.058747643016
8,311931,65528.275440924845,121200.98952995712
3,298632,99174.26254252216,181313.9526358785
5,337585,7267.179893914467,15014.16690961973
6,731023,7707.893487344873,14118.4420003341
6,23431,34038.07522865822,64626.17074630577
4,324825,86638.66478648278,159610.57431023102
3,195555,21553.0653261463,35695.00125990632
4,648008,36037.84595525276,67479.19702636544
1,574441,6850.633812157294,11674.38565814706
4,269512,76315.55281035982,130078.58171991646
1,945928,40830.69344531083,71163.17702636869
1,899792,75924.89738121098,129299.26285945266
6,177076,90360.79407389507,167656.43500836164
5,220724,23276.391433814162,43802.31346863709
4,900187,80739.6222943921,144015.96057387607
3,582273,5909.48309843632,18039.81279362862
1,837501,89884.74893328591,162554.25311782048
6,315470,65076.88967901997,110158.02264240159
2,634025,87422.68499116274,155486.45278317388
8,737421,18.939936818234088,8591.07332263928
5,679758,16908.190127492213,27442.243104040266
7,754753,38975.99976671046,71931.28252386798
2,51861,37950.35238718152,72061.94791949993
8,339041,22673.11561931277,43954.8710375377
2,213977,38161.25582552602,81050.54798073735
4,652406,12884.958315154283,17649.61168266137
1,856009,41276.171650489676,69345.79806821741
5,722001,80235.4526804935,139001.04308937764
9,10078,47907.0584033288,84785.15202090744
1,943507,1800.107094512604,9211.833211034944
9,325912,42144.46201352058,70891.3147253545
8,576335,2717.598891582807,10770.648034568745
6,859058,96624.34444633874,174546.98235304846
7,845092,12745.483196890955,17840.4322883491
3,760746,70768.86186422924,119016.47457277335
1,968290,97277.63501157629,167949.0355517907
5,396141,82603.92256275202,145570.86407178402
2,216048,69931.56758108285,125145.08976723254
5,761581,83946.10700398574,158229.09799082662
8,643120,98179.87114619344,181064.7691240894
9,917838,62134.48759090323,108133.2904032243
2,650438,55918.52476445196,103027.88999287438
3,158087,62823.84822251709,121428.70164649197
3,34320,53267.63540856681,105277.49084057045
1,328025,63508.947082061284,112911.08718994232
8,616115,44984.27581303512,86095.19611198822
6,514287,21844.39644401242,46544.83393366147
8,365359,12024.810626444912,14315.979011708907
9,944793,6834.186719132486,10238.897158639993
5,260931,26331.65204374163,58642.53285085125
3,921893,4612.45182121695,7267.179227585991
5,944187,56717.12127486056,87933.15497124352
5,407845,28382.916319507323,50703.362823179574
5,848982,82453.49835522241,154478.91553497966
3,550114,7424.179874751345,13680.132958556902
4,101734,22635.226798999156,44383.09497220165
9,158702,73024.64168439989,136241.81602019846
9,755122,59880.8697575195,106415.4393063737
2,178235,6449.220675789628,9106.749784349451
8,99511,87723.95799227433,158744.08476586515
8,984939,87726.18855644167,159312.50351624444
7,274797,33040.86734677699,59902.343823433446
8,684321,34040.65029437213,62115.11364328215
3,607229,98902.83693218156,174594.99030482312
6,730497,62617.654541696655,116846.46122545873
1,821094,53131.69892515385,99046.76480084176
7,99818,83815.23453997409,144258.28933877609
1,974950,28529.105306697806,49897.052966626215
9,153360,42918.316421376345,77822.04892117465
1,778915,26777.740771165863,45920.82587671768
1,620369,78916.10574278848,145549.03472495824
7,562165,57334.97722858723,103170.62881917132
2,374706,65882.54113150004,119627.289683976
5,933817,25230.79975321567,43893.80151837284
8,212957,22022.608115201372,29805.078990309397
8,73715,48837.51406083097,77716.6412016835
3,142398,73756.60115270778,135790.12880833415
7,635379,52524.02322804026,96216.49169291944
3,520052,3264.6644899991056,8338.733113753813
6,133632,86855.16377687824,157096.4750086954
6,866580,6468.782882823805,13167.936205950422
3,84186,95582.45278962686,176944.62488942227
7,945249,2514.2933135314447,7242.449326363662
3,688250,69445.07616802526,130558.80885397604
8,152094,8220.798150471794,15754.792876982216
4,911061,91067.66687585601,162887.42217394197
1,971083,46443.37717923065,85057.63473339641
4,595604,13752.463729324056,20883.34730534682
7,29380,34081.63589741468,59483.39997078688
4,635486,16482.551052208666,30886.191437175785
6,265500,17058.274097517842,31677.235035037174
9,71326,94810.83720631221,170190.07557134706
1,879879,44524.66670386758,73646.4160160906
5,640282,78880.24751030956,145501.63425066078
7,221971,63960.592157212064,119432.19341597945
1,807481,67642.668591203,130381.99644042659
4,469933,13169.430677860004,26160.821703091664
6,892793,23418.52126310388,42625.043944544406
2,803514,78675.05484041017,136957.7081646876
5,788093,97076.62357085764,182607.05827434902
1,169484,26267.637992300908,48608.65527051175
6,790352,27156.949318227507,50262.550641936796
6,485410,47289.7659913772,84112.0027935847
4,770666,98384.0329015125,175898.7443905482
8,978819,26895.96768675252,52367.48500640877
4,342705,40697.25026623542,68331.1998659308
8,796378,89148.01241434911,169015.77064162234
8,226314,292.2029700329386,7700.7546337511485
5,439716,3976.6925222604555,5622.596805733374
4,760900,60407.20729995421,104806.10031055237
2,803741,90738.02573326822,153660.28687810575
3,580518,23885.742154526724,37036.52551572697
3,899254,46964.23050389343,88643.79937142254
4,492872,45046.58511925166,82918.99850915626
4,517998,47297.187312416405,87874.20398887996
5,948531,62252.00732100494,103314.98050118808
4,520984,46974.42932469207,82847.38668393242
8,466757,44746.869385431644,87638.10742518738
6,375484,47428.89461428401,85097.61527911444
6,509062,59086.78504036002,100267.27039952812
8,584609,53700.79513438699,96419.72408768207
7,133028,85413.61435145067,149976.93274078495
8,232447,4949.780399681312,10718.223519153347
2,861563,83331.7238155941,150536.611262508
9,442124,84392.47686871114,154871.0036840915
1,996843,28490.87366229393,45695.375958303506
8,813395,46285.24921638956,81500.5632461757
4,627045,43853.904999894694,84714.72320680601
4,433659,21851.06158442959,32789.34007979585
5,886691,39679.745028946934,66866.32647190458
8,302207,4438.872778308227,9161.561050915128
5,377369,27782.279495966162,51645.436788158055
8,379544,81668.23587685426,144772.3473646238
1,343962,28456.301720059575,50004.159682912985
9,267847,81820.68505415788,150104.2844052624
6,721488,53159.99330049662,100314.90694969326
3,597387,87986.27974984827,153336.8887232781
8,420065,57477.99794848609,105516.0264104147
9,688220,2966.9193396516753,13271.644811401626
6,32585,67542.05321268817,121030.52797603304
7,416231,4485.452317000064,2903.7339016575197
1,996043,45059.756838611494,75978.1242653646
5,568873,92942.67650464195,166792.5670017962
5,290102,16520.47741339108,35076.14686844204
4,289161,38987.29630691911,70129.93460322129
6,995211,72986.05789881696,132836.66961740018
7,387821,88225.86738362916,154039.76337966346
9,963854,67094.33337995032,126194.3152487933
1,930705,25817.399601791498,41211.37892739793
6,816858,67460.81783083633,119333.41867414724
7,280922,29672.834437644888,56722.137297992274
3,701601,71842.95113895055,119479.95505851133
8,43229,95403.31735519129,172641.39148777287
5,87652,72139.37297128372,124714.32951635179
9,915699,86288.06400319094,155886.11170028927
5,250474,210.4841072040237,-1241.1696455924398
9,704724,71757.24071594697,140071.56941544698
4,913935,82958.77272776935,147829.1524639853
9,261116,4055.9696985943874,16671.56032188661
5,872310,87159.78556905033,160273.5304802075
9,844488,25669.497161581752,42647.04403719851
3,945994,66529.24366859533,121888.69022977038
4,521985,80035.50786685276,142814.8579286459
9,20975,66266.48503948425,120527.94802477783
6,158795,9228.569978846517,13139.368524757398
2,417495,59632.19225388494,116003.58172372267
7,210373,54958.41071384868,103678.31623891125
2,930065,90032.13677530034,162687.78653634858
2,198133,40424.03254044795,81513.89891315399
1,875829,32108.1776005953,58607.03040148578
3,705513,74985.10145857018,140823.06394973214
6,296286,41267.59134080705,74639.3103510648
8,814348,64609.65289088879,118697.98717765273
9,589612,64645.04436745168,116275.69195669911
7,177037,88803.91763210535,160433.07700715933
4,389076,59869.2803626695,108823.90195474509
6,661008,50215.41078083769,87387.58424306587
5,691493,13887.21875251906,23352.396919918872
8,969181,11573.849094109868,20257.7437869669
1,621347,15432.24109615141,29240.262557084025
1,623605,17184.930947861318,31094.783108633037
6,726495,63787.74547865412,121064.35203070595
2,298190,74098.15092933283,137767.3582676973
5,441280,52999.199293489575,94652.56094815437
1,102459,82901.79035277585,156186.3716222562
7,762985,99126.32354704065,188194.97800255046
1,201422,82001.28091067269,137486.88516460027
4,833325,69488.26787935855,130168.9951081768
9,102520,53249.316694444715,92462.10906334298
1,913250,44885.36228216365,85257.01721451107
4,586560,8439.32961521618,21687.263010621286
6,748512,39936.93490259425,67893.77585211689
6,517123,91013.47266474974,154839.17680147075
8,330793,80802.2821883923,149810.67488018548
1,327818,21605.214896032216,39733.30822527605
7,145832,46660.83180894311,75741.21948658446
1,153999,81672.3385835342,159738.0314776757
7,349619,6738.548740096773,15447.294293456951
3,62367,38739.31982760736,73121.45939031901
8,754315,85184.13850327108,160561.6955686982
3,406804,40389.846027225954,70010.00508477421
1,909182,7761.556711679613,15080.663641466686
8,758038,54253.48259978829,91462.67811072011
3,236806,86174.26331758004,152201.33473521814
2,905586,59028.59526676167,108638.5644825172
1,708593,22627.988193512356,32761.251912659976
3,45738,38424.023589776116,66013.6637332066
2,558685,45012.391105857096,76667.97669085416
2,345333,57926.677455417295,105157.14714785285
6,339511,75935.12664015873,139744.48976061246
1,203332,9887.451876701776,21612.843399945483
2,383729,88965.21433655333,165329.33352968673
6,864051,1231.0690706372573,9526.534060008918
3,112453,37005.296462192055,69710.98740036273
4,20816,2742.128255234768,14394.91835389466
1,960744,39297.483237106586,71816.35443311527
8,924780,52581.307306072486,94266.13737967773
7,770299,51168.18749001251,95545.42379882273
7,866962,16562.91813999183,29185.67777702235
3,417715,64574.08643551022,125714.03672779365
3,372000,4477.940572621772,13910.210396395249
2,214567,76190.70582255952,141007.9447016047
1,515933,94664.44873491123,171314.07094304697
7,596923,33976.94873822907,59440.583371738
7,895235,51723.986447495015,97078.41812832982
2,217184,37891.08991485363,62683.066587501744
7,299090,671.138359366965,9050.41171406564
8,318348,38587.5117020613,68752.51153678348
1,183958,79172.04675410873,144130.19682359934
9,990156,59598.924619463956,103252.13693406868
7,278707,10126.081335524432,22002.231219540085
3,93324,84713.96425542954,150272.08959558155
